score,p_scenario,ci_lower,ci_upper,p_reference,delta_vs_reference,l1_distance,jensen_shannon_distance
0,0.0,0.0,0.0,0.0,0.0,0.09666666666666668,0.04795223600749716
1,0.0,0.0,0.0,0.0,0.0,0.09666666666666668,0.04795223600749716
2,0.8733333333333333,0.8333333333333334,0.91,0.825,0.04833333333333334,0.09666666666666668,0.04795223600749716
3,0.11666666666666667,0.08,0.15333333333333332,0.16,-0.043333333333333335,0.09666666666666668,0.04795223600749716
4,0.01,0.0,0.023333333333333334,0.015,-0.004999999999999999,0.09666666666666668,0.04795223600749716
